mae;municipio_anos;batem;maior_diferenca;%_batem;n_filhas
1.0.0.0.0.00.00.00;71392;57504;11608766932,90001;80,54683998207082;4
1.1.0.0.0.00.00.00;71402;71401;252781540,59999996;99,99859947900619;8
1.1.1.0.0.00.00.00;71333;57109;107718587,23000002;80,05971990523321;2
1.1.1.2.0.00.00.00;65446;59387;377385853,4;90,7419857592519;2
1.1.1.2.2.00.00.00;8043;3695;242036336,26;45,94056943926395;1
1.1.7.1.1.51.00.00;21985;21985;2,384185791015625e-07;100,0;3
1.2.0.0.0.00.00.00;67587;67587;4,76837158203125e-07;100,0;6
1.7.0.0.0.00.00.00;22418;22418;1,9073486328125e-06;100,0;8
1.8.0.0.0.00.00.00;467;467;1,4901161193847656e-08;100,0;5
