mes,indice
201301,3633.4400000000000
201302,3655.2400000000000
201303,3672.4200000000000
201304,3692.6200000000000
201305,3706.2800000000000
201306,3715.9200000000000
201307,3717.0300000000000
201308,3725.9500000000000
201309,3738.9900000000000
201310,3760.3000000000000
201311,3780.6100000000000
201312,3815.3900000000000
201401,3836.3700000000000
201402,3862.8400000000000
201403,3898.3800000000000
201404,3924.5000000000000
201405,3942.5500000000000
201406,3958.3200000000000
201407,3958.7200000000000
201408,3968.6200000000000
201409,3991.2400000000000
201410,4008.0000000000000
201411,4028.4400000000000
201412,4059.8600000000000
201501,4110.2000000000000
201502,4160.3400000000000
201503,4215.2600000000000
201504,4245.1900000000000
201505,4276.6000000000000
201506,4310.3900000000000
201507,4337.1100000000000
201508,4346.6500000000000
201509,4370.1200000000000
201510,4405.9500000000000
201511,4450.4500000000000
201512,4493.1700000000000
201601,4550.2300000000000
201602,4591.1800000000000
201603,4610.9200000000000
201604,4639.0500000000000
201605,4675.2300000000000
201606,4691.5900000000000
201607,4715.9900000000000
201608,4736.7400000000000
201609,4740.5300000000000
201610,4752.8600000000000
201611,4761.4200000000000
201612,4775.7000000000000
201701,4793.8500000000000
201702,4809.6700000000000
201703,4821.6900000000000
201704,4828.4400000000000
201705,4843.4100000000000
201706,4832.2700000000000
201707,4843.8700000000000
201708,4853.0700000000000
201709,4860.8300000000000
201710,4881.2500000000000
201711,4894.9200000000000
201712,4916.4600000000000
201801,4930.7200000000000
201802,4946.5000000000000
201803,4950.9500000000000
201804,4961.8400000000000
201805,4981.6900000000000
201806,5044.4600000000000
201807,5061.1100000000000
201808,5056.5600000000000
201809,5080.8300000000000
201810,5103.6900000000000
201811,5092.9700000000000
201812,5100.6100000000000
201901,5116.9300000000000
201902,5138.9300000000000
201903,5177.4700000000000
201904,5206.9800000000000
201905,5213.7500000000000
201906,5214.2700000000000
201907,5224.1800000000000
201908,5229.9300000000000
201909,5227.8400000000000
201910,5233.0700000000000
201911,5259.7600000000000
201912,5320.2500000000000
202001,5331.4200000000000
202002,5344.7500000000000
202003,5348.4900000000000
202004,5331.9100000000000
202005,5311.6500000000000
202006,5325.4600000000000
202007,5344.6300000000000
202008,5357.4600000000000
202009,5391.7500000000000
202010,5438.1200000000000
202011,5486.5200000000000
202012,5560.5900000000000
202101,5574.4900000000000
202102,5622.4300000000000
202103,5674.7200000000000
202104,5692.3100000000000
202105,5739.5600000000000
202106,5769.9800000000000
202107,5825.3700000000000
202108,5876.0500000000000
202109,5944.2100000000000
202110,6018.5100000000000
202111,6075.6900000000000
202112,6120.0400000000000
202201,6153.0900000000000
202202,6215.2400000000000
202203,6315.9300000000000
202204,6382.8800000000000
202205,6412.8800000000000
202206,6455.8500000000000
202207,6411.9500000000000
202208,6388.8700000000000
202209,6370.3400000000000
202210,6407.9300000000000
202211,6434.2000000000000
202212,6474.0900000000000
202301,6508.4000000000000
202302,6563.0700000000000
202303,6609.6700000000000
202304,6649.9900000000000
202305,6665.2800000000000
202306,6659.9500000000000
202307,6667.9400000000000
202308,6683.2800000000000
202309,6700.6600000000000
202310,6716.7400000000000
202311,6735.5500000000000
202312,6773.2700000000000
202401,6801.7200000000000
202402,6858.1700000000000
202403,6869.1400000000000
202404,6895.2400000000000
202405,6926.9600000000000
202406,6941.5100000000000
202407,6967.8900000000000
202408,6966.5000000000000
202409,6997.1500000000000
202410,7036.3300000000000
202411,7063.7700000000000
202412,7100.5000000000000
202501,7111.8600000000000
202502,7205.0300000000000
202503,7245.3800000000000
202504,7276.5400000000000
202505,7295.4600000000000
202506,7312.9700000000000
202507,7331.9800000000000
202508,7323.9100000000000
202509,7359.0600000000000
202510,7365.6800000000000
202511,7378.9400000000000
202512,7403.2900000000000
