trimestre,pib_milhoes
201301,1241614
201302,1322580
201303,1354134
201304,1413291
201401,1385981
201402,1422322
201403,1462125
201404,1508525
201501,1456659
201502,1479970
201503,1508228
201504,1550930
201601,1500299
201602,1559050
201603,1577170
201604,1632808
201701,1585673
201702,1630730
201703,1648635
201704,1720441
201801,1682083
201802,1734099
201803,1767856
201804,1820103
201901,1757554
201902,1826761
201903,1880610
201904,1924206
202001,1868095
202002,1752724
202003,1929323
202004,2059455
202101,2156670
202102,2203639
202103,2295851
202104,2355982
202201,2319528
202202,2517481
202203,2601182
202204,2641485
202301,2581018
202302,2727580
202303,2769445
202304,2865301
202401,2764833
202402,2934759
202403,3015936
202404,3063723
202501,3024723
202502,3200345
202503,3235708
202504,3277790
